{
  "params": {
    "input": "university_exports/data/training_table_all.csv",
    "variants": "gold_champions_context",
    "output_dir": "university_exports/artifacts/logistic_regression_no_prefix_std1",
    "hash_dim": 262144,
    "epochs": 20,
    "learning_rate": 0.001,
    "l2": 1e-05,
    "train_fraction": 0.8,
    "seed": 42
  },
  "variant": "gold_champions_context",
  "variant_config": {
    "use_champions": true,
    "use_context": true
  },
  "model_scope": "all_minutes_snapshot",
  "hash_dim": 262144,
  "feature_count": 262168,
  "numeric_feature_names": [
    "bias",
    "current_minute",
    "blue_gold_total_k",
    "red_gold_total_k",
    "gold_lead_total_k",
    "gold_lead_abs_k",
    "blue_lanes_ahead",
    "top_blue_gold_k",
    "top_red_gold_k",
    "top_gold_lead_k",
    "jgl_blue_gold_k",
    "jgl_red_gold_k",
    "jgl_gold_lead_k",
    "mid_blue_gold_k",
    "mid_red_gold_k",
    "mid_gold_lead_k",
    "bot_blue_gold_k",
    "bot_red_gold_k",
    "bot_gold_lead_k",
    "spt_blue_gold_k",
    "spt_red_gold_k",
    "spt_gold_lead_k",
    "patch_major",
    "patch_minor"
  ],
  "numeric_mean": [
    0.0,
    16.27832062623904,
    28.371950336548206,
    28.12465294352679,
    0.24729739302141515,
    2.37895311826611,
    2.444361732970796,
    5.94383741449163,
    5.892805240598985,
    0.05103217389260241,
    5.809910546235419,
    5.745679491298313,
    0.06423105493696085,
    6.246506538994906,
    6.185559869611845,
    0.06094666938308569,
    6.4380617697991145,
    6.402137785126111,
    0.0359239846731281,
    3.933634067027479,
    3.898470556891973,
    0.035163510135637954,
    15.0,
    12.44407180748948
  ],
  "numeric_std": [
    1.0,
    10.215277852083695,
    18.83301143690199,
    18.663815645935518,
    3.7182918512942793,
    2.868350109921353,
    1.553300279584296,
    4.021899521436475,
    4.000523281710654,
    1.2168655595096822,
    3.7527789693086806,
    3.7013591815812608,
    1.155900354325315,
    4.243023065893438,
    4.197894150303799,
    1.1913007626421992,
    4.552703384476495,
    4.533548258006243,
    1.2711131667560835,
    2.473994848252535,
    2.442783291339689,
    0.6398547097041442,
    1.0,
    3.1725091814973294
  ],
  "train_games": 3904,
  "test_games": 977,
  "minute_min": 0,
  "minute_max": 60,
  "minute_avg": 16.318994018862146,
  "best_epoch_metrics": {
    "epoch": 1,
    "learning_rate": 0.001,
    "train_loss": 0.4879454843591175,
    "train_accuracy": 0.7792491713616311,
    "train_auc": 0.866939363044907,
    "train_log_loss": 0.4594017718212893,
    "test_accuracy": 0.7204792490118577,
    "test_auc": 0.8058578393474483,
    "test_log_loss": 0.5271136014147687
  },
  "train_metrics": {
    "rows": 127619,
    "positive_rate": 0.5268416144931397,
    "accuracy": 0.7792491713616311,
    "log_loss": 0.4594017718212893,
    "brier_score": 0.15132957510405776,
    "roc_auc": 0.866939363044907,
    "majority_accuracy": 0.5268416144931397,
    "majority_log_loss": 0.6917055431152095,
    "majority_brier_score": 0.24927952773105308
  },
  "test_metrics": {
    "rows": 32384,
    "positive_rate": 0.5189908596837944,
    "accuracy": 0.7204792490118577,
    "log_loss": 0.5271136014147687,
    "brier_score": 0.17878280610468827,
    "roc_auc": 0.8058578393474483,
    "majority_accuracy": 0.5189908596837944,
    "majority_log_loss": 0.6924257015294477,
    "majority_brier_score": 0.249639347248477
  },
  "history": [
    {
      "epoch": 1,
      "learning_rate": 0.001,
      "train_loss": 0.4879454843591175,
      "train_accuracy": 0.7792491713616311,
      "train_auc": 0.866939363044907,
      "train_log_loss": 0.4594017718212893,
      "test_accuracy": 0.7204792490118577,
      "test_auc": 0.8058578393474483,
      "test_log_loss": 0.5271136014147687
    },
    {
      "epoch": 2,
      "learning_rate": 0.0007071067811865475,
      "train_loss": 0.44824837229576536,
      "train_accuracy": 0.7993950744011472,
      "train_auc": 0.8854759185987943,
      "train_log_loss": 0.4357486781362072,
      "test_accuracy": 0.7182868083003953,
      "test_auc": 0.8047964634917221,
      "test_log_loss": 0.5281392059247866
    },
    {
      "epoch": 3,
      "learning_rate": 0.0005773502691896258,
      "train_loss": 0.42910226484654557,
      "train_accuracy": 0.8113290340779978,
      "train_auc": 0.8957478476216801,
      "train_log_loss": 0.4205055637429061,
      "test_accuracy": 0.7172060276679841,
      "test_auc": 0.803453971294766,
      "test_log_loss": 0.5308031344874583
    },
    {
      "epoch": 4,
      "learning_rate": 0.0005,
      "train_loss": 0.41558449289847244,
      "train_accuracy": 0.8183342605724853,
      "train_auc": 0.9021624469954843,
      "train_log_loss": 0.4093039395744647,
      "test_accuracy": 0.7167119565217391,
      "test_auc": 0.802815899040651,
      "test_log_loss": 0.5326916551279836
    },
    {
      "epoch": 5,
      "learning_rate": 0.0004472135954999579,
      "train_loss": 0.40541319779404345,
      "train_accuracy": 0.8264913531684154,
      "train_auc": 0.9092873944180708,
      "train_log_loss": 0.4007413302649019,
      "test_accuracy": 0.7139019268774703,
      "test_auc": 0.7982647493480767,
      "test_log_loss": 0.5381345474252653
    },
    {
      "epoch": 6,
      "learning_rate": 0.0004082482904638631,
      "train_loss": 0.3970502456588434,
      "train_accuracy": 0.8301976978349619,
      "train_auc": 0.9131351329873086,
      "train_log_loss": 0.39273556976944585,
      "test_accuracy": 0.7138710474308301,
      "test_auc": 0.7988719510195618,
      "test_log_loss": 0.5386309657647889
    },
    {
      "epoch": 7,
      "learning_rate": 0.0003779644730092272,
      "train_loss": 0.3899842797406107,
      "train_accuracy": 0.8352126250793377,
      "train_auc": 0.9172477062001131,
      "train_log_loss": 0.38620218089767605,
      "test_accuracy": 0.7135622529644269,
      "test_auc": 0.79738563292328,
      "test_log_loss": 0.5406299239242882
    },
    {
      "epoch": 8,
      "learning_rate": 0.00035355339059327376,
      "train_loss": 0.3838073902776247,
      "train_accuracy": 0.840376432976281,
      "train_auc": 0.9213061827570203,
      "train_log_loss": 0.38025372398387697,
      "test_accuracy": 0.7117403656126482,
      "test_auc": 0.7960531864615773,
      "test_log_loss": 0.5420446150860728
    },
    {
      "epoch": 9,
      "learning_rate": 0.0003333333333333333,
      "train_loss": 0.3784039296929266,
      "train_accuracy": 0.843307031084713,
      "train_auc": 0.9239234174824171,
      "train_log_loss": 0.37574393083730717,
      "test_accuracy": 0.7105669466403162,
      "test_auc": 0.7941817500166605,
      "test_log_loss": 0.5448155100461015
    },
    {
      "epoch": 10,
      "learning_rate": 0.00031622776601683794,
      "train_loss": 0.3735853331808033,
      "train_accuracy": 0.8472719579372977,
      "train_auc": 0.926768944982498,
      "train_log_loss": 0.3706476463729133,
      "test_accuracy": 0.7082818675889329,
      "test_auc": 0.7932289865114767,
      "test_log_loss": 0.5466603945990843
    },
    {
      "epoch": 11,
      "learning_rate": 0.00030151134457776364,
      "train_loss": 0.3692053233541907,
      "train_accuracy": 0.8497715857356664,
      "train_auc": 0.9289607854270484,
      "train_log_loss": 0.3665247362625607,
      "test_accuracy": 0.7083745059288538,
      "test_auc": 0.7925018700823715,
      "test_log_loss": 0.5480214988262446
    },
    {
      "epoch": 12,
      "learning_rate": 0.0002886751345948129,
      "train_loss": 0.3651853123337833,
      "train_accuracy": 0.852459273305699,
      "train_auc": 0.9309180095705573,
      "train_log_loss": 0.36276660489759194,
      "test_accuracy": 0.7069540513833992,
      "test_auc": 0.7913163854700487,
      "test_log_loss": 0.55019646391509
    },
    {
      "epoch": 13,
      "learning_rate": 0.0002773500981126146,
      "train_loss": 0.36154637930953487,
      "train_accuracy": 0.8530939750350653,